Date,^NSEI
2023-09-01,19435.30078125
2023-09-04,19528.80078125
2023-09-05,19574.900390625
2023-09-06,19611.05078125
2023-09-07,19727.05078125
2023-09-08,19819.94921875
2023-09-11,19996.349609375
2023-09-12,19993.19921875
2023-09-13,20070.0
2023-09-14,20103.099609375
2023-09-15,20192.349609375
2023-09-18,20133.30078125
2023-09-20,19901.400390625
2023-09-21,19742.349609375
2023-09-22,19674.25
2023-09-25,19674.55078125
2023-09-26,19664.69921875
2023-09-27,19716.44921875
2023-09-28,19523.55078125
2023-09-29,19638.30078125
2023-10-03,19528.75
2023-10-04,19436.099609375
2023-10-05,19545.75
2023-10-06,19653.5
2023-10-09,19512.349609375
2023-10-10,19689.849609375
2023-10-11,19811.349609375
2023-10-12,19794.0
2023-10-13,19751.05078125
2023-10-16,19731.75
2023-10-17,19811.5
2023-10-18,19671.099609375
2023-10-19,19624.69921875
2023-10-20,19542.650390625
2023-10-23,19281.75
2023-10-25,19122.150390625
2023-10-26,18857.25
2023-10-27,19047.25
2023-10-30,19140.900390625
2023-10-31,19079.599609375
2023-11-01,18989.150390625
2023-11-02,19133.25
2023-11-03,19230.599609375
2023-11-06,19411.75
2023-11-07,19406.69921875
2023-11-08,19443.5
2023-11-09,19395.30078125
2023-11-10,19425.349609375
2023-11-13,19443.55078125
2023-11-15,19675.44921875
2023-11-16,19765.19921875
2023-11-17,19731.80078125
2023-11-20,19694.0
2023-11-21,19783.400390625
2023-11-22,19811.849609375
2023-11-23,19802.0
2023-11-24,19794.69921875
2023-11-28,19889.69921875
2023-11-29,20096.599609375
2023-11-30,20133.150390625
2023-12-01,20267.900390625
2023-12-04,20686.80078125
2023-12-05,20855.099609375
2023-12-06,20937.69921875
2023-12-07,20901.150390625
2023-12-08,20969.400390625
2023-12-11,20997.099609375
2023-12-12,20906.400390625
2023-12-13,20926.349609375
2023-12-14,21182.69921875
2023-12-15,21456.650390625
2023-12-18,21418.650390625
2023-12-19,21453.099609375
2023-12-20,21150.150390625
2023-12-21,21255.05078125
2023-12-22,21349.400390625
2023-12-26,21441.349609375
2023-12-27,21654.75
2023-12-28,21778.69921875
2023-12-29,21731.400390625
2024-01-01,21741.900390625
2024-01-02,21665.80078125
2024-01-03,21517.349609375
2024-01-04,21658.599609375
2024-01-05,21710.80078125
2024-01-08,21513.0
2024-01-09,21544.849609375
2024-01-10,21618.69921875
2024-01-11,21647.19921875
2024-01-12,21894.55078125
2024-01-15,22097.44921875
2024-01-16,22032.30078125
2024-01-17,21571.94921875
2024-01-18,21462.25
2024-01-19,21622.400390625
2024-01-23,21238.80078125
2024-01-24,21453.94921875
2024-01-25,21352.599609375
2024-01-29,21737.599609375
2024-01-30,21522.099609375
2024-01-31,21725.69921875
2024-02-01,21697.44921875
2024-02-02,21853.80078125
2024-02-05,21771.69921875
2024-02-06,21929.400390625
2024-02-07,21930.5
2024-02-08,21717.94921875
2024-02-09,21782.5
2024-02-12,21616.05078125
2024-02-13,21743.25
2024-02-14,21840.05078125
2024-02-15,21910.75
2024-02-16,22040.69921875
2024-02-19,22122.25
2024-02-20,22196.94921875
2024-02-21,22055.05078125
2024-02-22,22217.44921875
2024-02-23,22212.69921875
2024-02-26,22122.05078125
2024-02-27,22198.349609375
2024-02-28,21951.150390625
2024-02-29,21982.80078125
2024-03-01,22338.75
2024-03-04,22405.599609375
2024-03-05,22356.30078125
2024-03-06,22474.05078125
2024-03-07,22493.55078125
2024-03-11,22332.650390625
2024-03-12,22335.69921875
2024-03-13,21997.69921875
2024-03-14,22146.650390625
2024-03-15,22023.349609375
2024-03-18,22055.69921875
2024-03-19,21817.44921875
2024-03-20,21839.099609375
2024-03-21,22011.94921875
2024-03-22,22096.75
2024-03-26,22004.69921875
2024-03-27,22123.650390625
2024-03-28,22326.900390625
2024-04-01,22462.0
2024-04-02,22453.30078125
2024-04-03,22434.650390625
2024-04-04,22514.650390625
2024-04-05,22513.69921875
2024-04-08,22666.30078125
2024-04-09,22642.75
2024-04-10,22753.80078125
2024-04-12,22519.400390625
2024-04-15,22272.5
2024-04-16,22147.900390625
2024-04-18,21995.849609375
2024-04-19,22147.0
2024-04-22,22336.400390625
2024-04-23,22368.0
2024-04-24,22402.400390625
2024-04-25,22570.349609375
2024-04-26,22419.94921875
2024-04-29,22643.400390625
2024-04-30,22604.849609375
2024-05-02,22648.19921875
2024-05-03,22475.849609375
2024-05-06,22442.69921875
2024-05-07,22302.5
2024-05-08,22302.5
2024-05-09,21957.5
2024-05-10,22055.19921875
2024-05-13,22104.05078125
2024-05-14,22217.849609375
2024-05-15,22200.55078125
2024-05-16,22403.849609375
2024-05-17,22466.099609375
2024-05-21,22529.05078125
2024-05-22,22597.80078125
2024-05-23,22967.650390625
2024-05-24,22957.099609375
2024-05-27,22932.44921875
2024-05-28,22888.150390625
2024-05-29,22704.69921875
2024-05-30,22488.650390625
2024-05-31,22530.69921875
2024-06-03,23263.900390625
2024-06-04,21884.5
2024-06-05,22620.349609375
2024-06-06,22821.400390625
2024-06-07,23290.150390625
2024-06-10,23259.19921875
2024-06-11,23264.849609375
2024-06-12,23322.94921875
2024-06-13,23398.900390625
2024-06-14,23465.599609375
2024-06-18,23557.900390625
2024-06-19,23516.0
2024-06-20,23567.0
2024-06-21,23501.099609375
2024-06-24,23537.849609375
2024-06-25,23721.30078125
2024-06-26,23868.80078125
2024-06-27,24044.5
2024-06-28,24010.599609375
2024-07-01,24141.94921875
2024-07-02,24123.849609375
2024-07-03,24286.5
2024-07-04,24302.150390625
2024-07-05,24323.849609375
2024-07-08,24320.55078125
2024-07-09,24433.19921875
2024-07-10,24324.44921875
2024-07-11,24315.94921875
2024-07-12,24502.150390625
2024-07-15,24586.69921875
2024-07-16,24613.0
2024-07-18,24800.849609375
2024-07-19,24530.900390625
2024-07-22,24509.25
2024-07-23,24479.05078125
2024-07-24,24413.5
2024-07-25,24406.099609375
2024-07-26,24834.849609375
2024-07-29,24836.099609375
2024-07-30,24857.30078125
2024-07-31,24951.150390625
2024-08-01,25010.900390625
2024-08-02,24717.69921875
2024-08-05,24055.599609375
2024-08-06,23992.55078125
2024-08-07,24297.5
2024-08-08,24117.0
2024-08-09,24367.5
2024-08-12,24347.0
2024-08-13,24139.0
2024-08-14,24143.75
2024-08-16,24541.150390625
2024-08-19,24572.650390625
2024-08-20,24698.849609375
2024-08-21,24770.19921875
2024-08-22,24811.5
2024-08-23,24823.150390625
2024-08-26,25010.599609375
2024-08-27,25017.75
2024-08-28,25052.349609375
2024-08-29,25151.94921875
2024-08-30,25235.900390625
2024-09-02,25278.69921875
2024-09-03,25279.849609375
2024-09-04,25198.69921875
2024-09-05,25145.099609375
2024-09-06,24852.150390625
2024-09-09,24936.400390625
2024-09-10,25041.099609375
2024-09-11,24918.44921875
2024-09-12,25388.900390625
2024-09-13,25356.5
2024-09-16,25383.75
2024-09-17,25418.55078125
2024-09-18,25377.55078125
2024-09-19,25415.80078125
2024-09-20,25790.94921875
2024-09-23,25939.05078125
2024-09-24,25940.400390625
2024-09-25,26004.150390625
2024-09-26,26216.05078125
2024-09-27,26178.94921875
2024-09-30,25810.849609375
2024-10-01,25796.900390625
2024-10-03,25250.099609375
2024-10-04,25014.599609375
2024-10-07,24795.75
2024-10-08,25013.150390625
2024-10-09,24981.94921875
2024-10-10,24998.44921875
2024-10-11,24964.25
2024-10-14,25127.94921875
2024-10-15,25057.349609375
2024-10-16,24971.30078125
2024-10-17,24749.849609375
2024-10-18,24854.05078125
2024-10-21,24781.099609375
2024-10-22,24472.099609375
2024-10-23,24435.5
2024-10-24,24399.400390625
2024-10-25,24180.80078125
2024-10-28,24339.150390625
2024-10-29,24466.849609375
2024-10-30,24340.849609375
2024-10-31,24205.349609375
2024-11-01,24304.349609375
2024-11-04,23995.349609375
2024-11-05,24213.30078125
2024-11-06,24484.05078125
2024-11-07,24199.349609375
2024-11-08,24148.19921875
2024-11-11,24141.30078125
2024-11-12,23883.44921875
2024-11-13,23559.05078125
2024-11-14,23532.69921875
2024-11-18,23453.80078125
2024-11-19,23518.5
2024-11-21,23349.900390625
2024-11-22,23907.25
2024-11-25,24221.900390625
2024-11-26,24194.5
2024-11-27,24274.900390625
2024-11-28,23914.150390625
2024-11-29,24131.099609375
2024-12-02,24276.05078125
2024-12-03,24457.150390625
2024-12-04,24467.44921875
2024-12-05,24708.400390625
2024-12-06,24677.80078125
2024-12-09,24619.0
2024-12-10,24610.05078125
2024-12-11,24641.80078125
2024-12-12,24548.69921875
2024-12-13,24768.30078125
2024-12-16,24668.25
2024-12-17,24336.0
2024-12-18,24198.849609375
2024-12-19,23951.69921875
2024-12-20,23587.5
2024-12-23,23753.44921875
2024-12-24,23727.650390625
2024-12-26,23750.19921875
2024-12-27,23813.400390625
2024-12-30,23644.900390625
2024-12-31,23644.80078125
2025-01-01,23742.900390625
2025-01-02,24188.650390625
2025-01-03,24004.75
2025-01-06,23616.05078125
2025-01-07,23707.900390625
2025-01-08,23688.94921875
2025-01-09,23526.5
2025-01-10,23431.5
2025-01-13,23085.94921875
2025-01-14,23176.05078125
2025-01-15,23213.19921875
2025-01-16,23311.80078125
2025-01-17,23203.19921875
2025-01-20,23344.75
2025-01-21,23024.650390625
2025-01-22,23155.349609375
2025-01-23,23205.349609375
2025-01-24,23092.19921875
2025-01-27,22829.150390625
2025-01-28,22957.25
2025-01-29,23163.099609375
2025-01-30,23249.5
2025-01-31,23508.400390625
2025-02-01,23482.150390625
2025-02-03,23361.05078125
2025-02-04,23739.25
2025-02-05,23696.30078125
2025-02-06,23603.349609375
2025-02-07,23559.94921875
2025-02-10,23381.599609375
2025-02-11,23071.80078125
2025-02-12,23045.25
2025-02-13,23031.400390625
2025-02-14,22929.25
2025-02-17,22959.5
2025-02-18,22945.30078125
2025-02-19,22932.900390625
2025-02-20,22913.150390625
2025-02-21,22795.900390625
2025-02-24,22553.349609375
2025-02-25,22547.55078125
2025-02-27,22545.05078125
2025-02-28,22124.69921875
2025-03-03,22119.30078125
2025-03-04,22082.650390625
2025-03-05,22337.30078125
2025-03-06,22544.69921875
2025-03-07,22552.5
2025-03-10,22460.30078125
2025-03-11,22497.900390625
2025-03-12,22470.5
2025-03-13,22397.19921875
2025-03-17,22508.75
2025-03-18,22834.30078125
2025-03-19,22907.599609375
2025-03-20,23190.650390625
2025-03-21,23350.400390625
2025-03-24,23658.349609375
2025-03-25,23668.650390625
2025-03-26,23486.849609375
2025-03-27,23591.94921875
2025-03-28,23519.349609375
2025-04-01,23165.69921875
2025-04-02,23332.349609375
2025-04-03,23250.099609375
2025-04-04,22904.44921875
2025-04-07,22161.599609375
2025-04-08,22535.849609375
2025-04-09,22399.150390625
2025-04-11,22828.55078125
2025-04-15,23328.55078125
2025-04-16,23437.19921875
2025-04-17,23851.650390625
2025-04-21,24125.55078125
2025-04-22,24167.25
2025-04-23,24328.94921875
2025-04-24,24246.69921875
2025-04-25,24039.349609375
2025-04-28,24328.5
2025-04-29,24335.94921875
2025-04-30,24334.19921875
2025-05-02,24346.69921875
2025-05-05,24461.150390625
2025-05-06,24379.599609375
2025-05-07,24414.400390625
2025-05-08,24273.80078125
2025-05-09,24008.0
2025-05-12,24924.69921875
2025-05-13,24578.349609375
2025-05-14,24666.900390625
2025-05-15,25062.099609375
2025-05-16,25019.80078125
2025-05-19,24945.44921875
2025-05-20,24683.900390625
2025-05-21,24813.44921875
2025-05-22,24609.69921875
2025-05-23,24853.150390625
2025-05-26,25001.150390625
2025-05-27,24826.19921875
2025-05-28,24752.44921875
2025-05-29,24833.599609375
2025-05-30,24750.69921875
2025-06-02,24716.599609375
2025-06-03,24542.5
2025-06-04,24620.19921875
2025-06-05,24750.900390625
2025-06-06,25003.05078125
2025-06-09,25103.19921875
2025-06-10,25104.25
2025-06-11,25141.400390625
2025-06-12,24888.19921875
2025-06-13,24718.599609375
2025-06-16,24946.5
2025-06-17,24853.400390625
2025-06-18,24812.05078125
2025-06-19,24793.25
2025-06-20,25112.400390625
2025-06-23,24971.900390625
2025-06-24,25044.349609375
2025-06-25,25244.75
2025-06-26,25549.0
2025-06-27,25637.80078125
2025-06-30,25517.05078125
2025-07-01,25541.80078125
2025-07-02,25453.400390625
2025-07-03,25405.30078125
2025-07-04,25461.0
2025-07-07,25461.30078125
2025-07-08,25522.5
2025-07-09,25476.099609375
2025-07-10,25355.25
2025-07-11,25149.849609375
2025-07-14,25082.30078125
2025-07-15,25195.80078125
2025-07-16,25212.05078125
2025-07-17,25111.44921875
2025-07-18,24968.400390625
2025-07-21,25090.69921875
2025-07-22,25060.900390625
2025-07-23,25219.900390625
2025-07-24,25062.099609375
2025-07-25,24837.0
2025-07-28,24680.900390625
2025-07-29,24821.099609375
2025-07-30,24855.05078125
2025-07-31,24768.349609375
2025-08-01,24565.349609375
2025-08-04,24722.75
2025-08-05,24649.55078125
2025-08-06,24574.19921875
2025-08-07,24596.150390625
2025-08-08,24363.30078125
2025-08-11,24585.05078125
2025-08-12,24487.400390625
2025-08-13,24619.349609375
2025-08-14,24631.30078125
2025-08-18,24876.94921875
2025-08-19,24980.650390625
2025-08-20,25050.55078125
2025-08-21,25083.75
2025-08-22,24870.099609375
2025-08-25,24967.75
2025-08-26,24712.05078125
2025-08-28,24500.900390625
2025-08-29,24426.849609375
2025-09-01,24625.05078125
2025-09-02,24579.599609375
2025-09-03,24715.05078125
2025-09-04,24734.30078125
2025-09-05,24741.0
2025-09-08,24773.150390625
2025-09-09,24868.599609375
2025-09-10,24973.099609375
2025-09-11,25005.5
2025-09-12,25114.0
2025-09-15,25069.19921875
2025-09-16,25239.099609375
2025-09-17,25330.25
2025-09-18,25423.599609375
2025-09-19,25327.05078125
2025-09-22,25202.349609375
2025-09-23,25169.5
2025-09-24,25056.900390625
2025-09-25,24890.849609375
2025-09-26,24654.69921875
2025-09-29,24634.900390625
2025-09-30,24611.099609375
2025-10-01,24836.30078125
2025-10-03,24894.25
2025-10-06,25077.650390625
2025-10-07,25108.30078125
2025-10-08,25046.150390625
2025-10-09,25181.80078125
2025-10-10,25285.349609375
2025-10-13,25227.349609375
2025-10-14,25145.5
2025-10-15,25323.55078125
2025-10-16,25585.30078125
2025-10-17,25709.849609375
2025-10-20,25843.150390625
2025-10-21,25868.599609375
2025-10-23,25891.400390625
2025-10-24,25795.150390625
2025-10-27,25966.05078125
2025-10-28,25936.19921875
2025-10-29,26053.900390625
2025-10-30,25877.849609375
2025-10-31,25722.099609375
2025-11-03,25763.349609375
2025-11-04,25597.650390625
2025-11-06,25509.69921875
2025-11-07,25492.30078125
2025-11-10,25574.349609375
2025-11-11,25694.94921875
2025-11-12,25875.80078125
2025-11-13,25879.150390625
2025-11-14,25910.05078125
2025-11-17,26013.44921875
2025-11-18,25910.05078125
2025-11-19,26052.650390625
2025-11-20,26192.150390625
2025-11-21,26068.150390625
2025-11-24,25959.5
2025-11-25,25884.80078125
2025-11-26,26205.30078125
2025-11-27,26215.55078125
2025-11-28,26202.94921875
2025-12-01,26175.75
2025-12-02,26032.19921875
2025-12-03,25986.0
2025-12-04,26033.75
2025-12-05,26186.44921875
2025-12-08,25960.55078125
2025-12-09,25839.650390625
2025-12-10,25758.0
2025-12-11,25898.55078125
2025-12-12,26046.94921875
2025-12-15,26027.30078125
2025-12-16,25860.099609375
2025-12-17,25818.55078125
2025-12-18,25815.55078125
2025-12-19,25966.400390625
2025-12-22,26172.400390625
2025-12-23,26177.150390625
2025-12-24,26142.099609375
2025-12-26,26042.30078125
2025-12-29,25942.099609375
2025-12-30,25938.849609375
2025-12-31,26129.599609375
2026-01-01,26146.55078125
2026-01-02,26328.55078125
2026-01-05,26250.30078125
2026-01-06,26178.69921875
2026-01-07,26140.75
2026-01-08,25876.849609375
2026-01-09,25683.30078125
2026-01-12,25790.25
2026-01-13,25732.30078125
2026-01-14,25665.599609375
2026-01-16,25694.349609375
2026-01-19,25585.5
2026-01-20,25232.5
2026-01-21,25157.5
2026-01-22,25289.900390625
2026-01-23,25048.650390625
2026-01-27,25175.400390625
2026-01-28,25342.75
2026-01-29,25418.900390625
2026-01-30,25320.650390625
2026-02-02,25088.400390625
2026-02-03,25727.55078125
2026-02-04,25776.0
2026-02-05,25642.80078125
2026-02-06,25693.69921875
2026-02-09,25867.30078125
2026-02-10,25935.150390625
2026-02-11,25953.849609375
2026-02-12,25807.19921875
2026-02-13,25471.099609375
2026-02-16,25682.75
2026-02-17,25725.400390625
2026-02-18,25819.349609375
2026-02-19,25454.349609375
2026-02-20,25571.25
2026-02-23,25713.0
2026-02-24,25424.650390625
2026-02-25,25482.5
2026-02-26,25496.55078125
2026-02-27,25178.650390625
2026-03-02,24865.69921875
2026-03-04,24480.5
2026-03-05,24765.900390625
2026-03-06,24450.44921875
2026-03-09,24028.05078125
2026-03-10,24261.599609375
2026-03-11,23866.849609375
2026-03-12,23639.150390625
2026-03-13,23151.099609375
2026-03-16,23408.80078125
2026-03-17,23581.150390625
2026-03-18,23777.80078125
2026-03-19,23002.150390625
2026-03-20,23114.5
2026-03-23,22512.650390625
2026-03-24,22912.400390625
2026-03-25,23306.44921875
2026-03-27,22819.599609375
2026-03-30,22331.400390625
2026-04-01,22679.400390625
2026-04-02,22713.099609375
2026-04-06,22968.25
2026-04-07,23123.650390625
2026-04-08,23997.349609375
2026-04-09,23775.099609375
2026-04-10,24050.599609375
2026-04-13,23842.650390625
2026-04-15,24231.30078125
2026-04-16,24196.75
2026-04-17,24353.55078125
2026-04-20,24364.849609375
2026-04-21,24576.599609375
2026-04-22,24378.099609375
2026-04-23,24173.05078125
2026-04-24,23897.94921875
2026-04-27,24092.69921875
2026-04-28,23995.69921875
2026-04-29,24177.650390625
2026-04-30,23997.55078125
2026-05-04,24119.30078125
2026-05-05,24032.80078125
2026-05-06,24330.94921875
2026-05-07,24326.650390625
2026-05-08,24176.150390625
2026-05-11,23815.849609375
2026-05-12,23379.55078125
2026-05-13,23412.599609375
2026-05-14,23689.599609375
2026-05-15,23643.5
2026-05-18,23649.94921875
2026-05-19,23618.0
2026-05-20,23659.0
2026-05-21,23654.69921875
2026-05-22,23719.30078125
2026-05-25,24031.69921875
2026-05-26,23913.69921875
2026-05-27,23907.150390625
2026-05-29,23547.75
2026-06-01,23382.599609375
2026-06-02,23483.55078125
2026-06-03,23405.599609375
2026-06-04,23416.55078125
2026-06-05,23366.69921875
2026-06-08,23123.0
2026-06-09,23242.099609375
2026-06-10,23214.94921875
2026-06-11,23161.599609375
2026-06-12,23622.900390625
2026-06-15,23853.900390625
2026-06-16,23989.150390625
2026-06-17,24085.69921875
2026-06-18,24168.0
2026-06-19,24013.099609375
2026-06-22,24102.900390625
2026-06-23,23824.099609375
2026-06-24,24021.650390625
2026-06-25,24056.0
2026-06-29,23946.25
2026-06-30,23865.75
2026-07-01,24005.849609375
2026-07-02,24175.69921875
2026-07-03,24270.849609375
2026-07-06,24430.349609375
2026-07-07,24398.69921875
2026-07-08,23882.05078125
2026-07-09,23962.80078125
2026-07-10,24206.900390625
2026-07-13,24211.0
2026-07-14,24052.05078125
2026-07-15,24078.5
2026-07-16,24072.75
2026-07-17,24334.30078125
2026-07-20,24238.5
2026-07-21,24187.69921875
2026-07-22,23996.25
2026-07-23,23869.599609375
2026-07-24,23767.44921875
2026-07-27,23995.94921875
2026-07-28,23985.349609375
2026-07-29,24250.19921875
2026-07-30,24317.150390625
2026-07-31,24383.599609375
2026-08-03,24774.30078125
2026-08-04,24614.900390625
2026-08-05,24624.650390625
2026-08-06,24636.0
2026-08-07,24570.650390625
2026-08-10,24583.80078125
2026-08-11,24471.69921875
2026-08-12,24435.94921875
2026-08-13,24395.849609375
2026-08-14,24366.0
2026-08-17,24287.650390625
2026-08-18,24154.900390625
2026-08-19,24078.30078125
2026-08-20,24231.849609375
2026-08-21,24252.0
2026-08-24,24219.05078125
2026-08-25,24334.55078125
2026-08-26,24207.75
2026-08-27,24090.849609375
2026-08-28,24175.650390625
2026-08-31,24080.400390625
2026-09-01,24055.80078125
2026-09-02,23914.44921875
2026-09-03,23873.44921875
2026-09-04,23897.69921875
2026-09-07,23779.150390625
2026-09-08,23635.099609375
2026-09-09,23431.5
2026-09-10,23477.80078125
2026-09-11,23398.099609375
2026-09-15,23118.599609375
2026-09-16,23217.599609375
